{
   "name": "savage-eberron-bestiary",
   "title": "Savage Eberron Bestiary",
   "description": "This is the bestiary of monsters and creatures for use in my Saveg Eberron campaign.",
   "author": "Freewolf2000",
   "version": "0.4.1.0",
   "minimumCoreVersion": "0.7.9",
   "compatibleCoreVersion": "9",
   "url": "https://github.com/Freewolf2000/savage-eberron-bestiary",
   "manifest": "https://raw.githubusercontent.com/Freewolf2000/savage-eberron-bestiary/main/savage-eberron-bestiary/module.json",
   "download": "https://github.com/Freewolf2000/savage-eberron-bestiary/raw/main/savage-eberron-bestiary.zip",
   "packs": [
     {
       "label": "Savage Eberron Bestiary",
       "name": "savage-eberron-bestiary",
       "entity": "Actor",
       "path": "packs/savage-eberron-bestiary.db",
       "system": "swade",
       "module": "savage-eberron-rules"
     },
     {
       "label": "Savage Eberron Bestiary Abilities",
       "name": "savage-eberron-bestiary-abilities",
       "entity": "Item",
       "path": "packs/savage-eberron-bestiary-abilities.db",
       "system": "swade",
       "module": "savage-eberron-rules"
     }
   ],
   "systems": ["swade"],
   "dependencies": [
     {
        "type": "module",
        "name": "compendium-folders",
        "manifest": "https://raw.githubusercontent.com/earlSt1/vtt-compendium-folders/master/module.json"
      },
      {
        "name": "swade",
        "type": "system"
      }
    ]
}
